id;nom_pers;prenom_pers;responsabilite;email
1;online Fresh;next-generation efficient;BFPA;Dieudonn86@yahoo.fr
2;Automotive Account SCSI;index cross-platform connecting;Admin;Enguerrand56@hotmail.fr
3;integrate maximize;Gorgeous;Admin;Diane.Dasilva@yahoo.fr
4;portal Bourgogne Money;overriding Practical;Chef_travaux;Hortense_Benoit@yahoo.fr
5;Gorgeous b;Jewelery user-centric;Chef_travaux;Catherine_Bonnet70@gmail.com
6;calculating bus grow;solutions Pound;Chef_travaux;Anne23@yahoo.fr
7;Botswana Account Steel;Burundi;Surveillant;Marius.Morel23@hotmail.fr
8;recontextualize du calculating;Specialiste;Proviseur;Gui78@hotmail.fr
9;Fantastic strategize Chips;hub optical Bacon;Comptable_matiere;Clotaire_Benoit48@hotmail.fr
10;Metal Account;Poitou-Charentes hard up;Surveillant;Sibylle.Perez@yahoo.fr
